,Frequency,Angle of Attack,Chord Length,Free Stream Velocity,Suction Side Dispacement Thickness,Scaled Sound Pressure Level
count,1503,1503,1503,1503,1503,1503
mean,2886.380572,6.782302063,0.136548237,50.86074518,0.01113988,124.8359428
std,3152.573137,5.918128125,0.093540728,15.5727844,0.013150234,6.898656622
min,200,0,0.0254,31.7,0.000400682,103.38
25%,800,2,0.0508,39.6,0.00253511,120.191
50%,1600,5.4,0.1016,39.6,0.00495741,125.721
75%,4000,9.9,0.2286,71.3,0.0155759,129.9955
max,20000,22.2,0.3048,71.3,0.0584113,140.987
